party,estimated_vote_share_2026,lower_estimate,upper_estimate,above_50_percent
AFRICAN NATIONAL CONGRESS,42.137261236652435,40.76373284604418,43.51078962726069,False
DEMOCRATIC ALLIANCE,25.94955605380877,24.576027663200513,27.323084444417027,False
ECONOMIC FREEDOM FIGHTERS,10.475376124213366,9.101847733605107,11.848904514821625,False
INKATHA FREEDOM PARTY,7.057677215749014,5.684148825140755,8.431205606357274,False
INDEPENDENT,2.127162903651199,0.75363451304294,3.500691294259458,False
ACTIONSA,1.9257766075920633,0.5522482169838043,3.299304998200322,False
ACTIVE CITIZENS COALITION,0.9198124005723679,0.0,2.293340791180627,False
AFRICAN CHRISTIAN DEMOCRATIC PARTY,0.7683374055538251,0.0,2.141865796162084,False
ABANTU BATHO CONGRESS,0.7005637913501265,0.0,2.0740921819583855,False
AFRICAN INDEPENDENT CONGRESS,0.6663223173804176,0.0,2.0398507079886765,False
AFRICAN TRANSFORMATION MOVEMENT,0.6157661674891713,0.0,1.9892945580974302,False
JUSTICE AND EMPLOYMENT PARTY,0.5624371675401144,0.0,1.9359655581483732,False
DEMOCRATIC LIBERAL CONGRESS,0.5273573900645558,0.0,1.9008857806728148,False
AFRICAN DEMOCRATIC CHANGE,0.5052390744871356,0.0,1.8787674650953945,False
MINORITY FRONT,0.48757021597922556,0.0,1.8610986065874844,False
UNITED INDEPENDENT MOVEMENT,0.3749151217700327,0.0,1.7484435123782918,False
MINORITIES OF SOUTH AFRICA,0.3424147396970887,0.0,1.7159431303053476,False
NATIONAL FREEDOM PARTY,0.3401577687198009,0.0,1.71368615932806,False
PEOPLE'S REVOLUTIONARY MOVEMENT,0.26354972526214715,0.0,1.637078115870406,False
VRYHEIDSFRONT PLUS,0.2563274181348263,0.0,1.6298558087430852,False
TRULY ALLIANCE,0.23814268054639331,0.0,1.6116710711546522,False
KZN INDEPENDENCE,0.2365305584197592,0.0,1.6100589490280182,False
PEOPLE'S FREEDOM PARTY,0.2331773443963602,0.0,1.6067057350046192,False
AFRICAN PEOPLE FIRST,0.1934546551960953,0.0,1.5669830458043543,False
AL JAMA-AH,0.1899724714025656,0.0,1.5635008620108246,False
INDEPENDENT PEOPLE'S PARTY,0.1775913734700155,0.0,1.5511197640782743,False
PATRIOTIC ALLIANCE,0.16217948593939324,0.0,1.5357078765476522,False
CAPE COLOURED CONGRESS,0.14715450771916316,0.0,1.520682898327422,False
GOOD,0.14592929490292122,0.0,1.51945768551118,False
AFRICAN PEOPLE'S CONVENTION,0.1389649273158618,0.0,1.5124933179241207,False
PAN AFRICANIST CONGRESS OF AZANIA,0.12181194788847469,0.0,1.4953403384967336,False
ACTIVISTS MOVEMENT OF SOUTH AFRICA,0.09801702529935495,0.0,1.4715454159076138,False
AFRICAN FREEDOM REVOLUTION,0.09311617403438721,0.0,1.466644564642646,False
AFRICAN MANTUNGWA COMMUNITY,0.07589870972193473,0.0,1.4494271003301937,False
BLACK FIRST LAND FIRST,0.07119131311216306,0.0,1.444719703720422,False
CONGRESS OF THE PEOPLE,0.06964367587059432,0.0,1.4431720664788532,False
UNITED CHRISTIAN DEMOCRATIC PARTY,0.0644848850653651,0.0,1.4380132756736241,False
ADVANCED DYNAMIC ALLIANCE,0.062356883858208055,0.0,1.435885274466467,False
FORUM 4 SERVICE DELIVERY,0.0495243917302004,0.0,1.4230527823384593,False
ALLIED MOVEMENT FOR CHANGE,0.04907299753474285,0.0,1.4226013881430017,False
THE ORGANIC HUMANITY MOVEMENT,0.04713845098278189,0.0,1.4206668415910408,False
ACADEMIC CONGRESS UNION,0.04307590322366389,0.0,1.4166042938319228,False
DEMOCRATIC PEOPLE'S CONGRESS,0.04081893224637611,0.0,1.414347322854635,False
AFRICAN PEOPLE'S MOVEMENT,0.037594687993107855,0.0,1.4111230786013669,False
AFRICA RESTORATION ALLIANCE,0.03578911121127763,0.0,1.4093175018195365,False
AZANIAN PEOPLE'S ORGANISATION,0.03553117167101617,0.0,1.4090595622792752,False
GOD SAVE AFRICA,0.03507977747555861,0.0,1.4086081680838176,False
UNITED CULTURAL MOVEMENT,0.02663225753199579,0.0,1.4001606481402546,False
AFRICAN FEDERAL CONVENTION,0.024955650520296295,0.0,1.3984840411285553,False
INTERNATIONAL PARTY,0.024697710980034836,0.0,1.3982261015882937,False
AFRICAN BASIC REPUBLICANS,0.013348371208530576,0.0,1.3868767618167894,False
SPECTRUM NATIONAL PARTY,0.01251006770268083,0.0,1.3860384583109397,False
FEDERAL PARTY SA,0.0007738186207843813,0.0,1.3743022092290433,False
LAND PARTY,0.0002579395402614604,0.0,1.3737863301485205,False
Total Voter Turnout,0.0,0.0,1.373528390608259,False
