ward,party,vote_share,estimated_share_2026,lower_estimate,upper_estimate
59500025,ABANTU BATHO CONGRESS,0.012948671466307557,0.012948671466307557,0.0,0.35266682735327787
59500025,ACADEMIC CONGRESS UNION,0.005179468586523023,0.005179468586523023,0.0,0.3448976244734933
59500025,ACTIONSA,0.5205365929455638,0.5205365929455638,0.18081843705859346,0.860254748832534
59500025,ACTIVE CITIZENS COALITION,0.8546123167762987,0.8546123167762987,0.5148941608893284,1.1943304726632689
59500025,ACTIVISTS MOVEMENT OF SOUTH AFRICA,0.005179468586523023,0.005179468586523023,0.0,0.3448976244734933
59500025,ADVANCED DYNAMIC ALLIANCE,0.025897342932615114,0.025897342932615114,0.0,0.36561549881958544
59500025,AFRICA RESTORATION ALLIANCE,0.010358937173046047,0.010358937173046047,0.0,0.35007709306001633
59500025,AFRICAN BASIC REPUBLICANS,0.005179468586523023,0.005179468586523023,0.0,0.3448976244734933
59500025,AFRICAN CHRISTIAN DEMOCRATIC PARTY,0.17610193194178275,0.17610193194178275,0.0,0.5158200878287531
59500025,AFRICAN DEMOCRATIC CHANGE,0.09582016885067592,0.09582016885067592,0.0,0.4355383247376462
59500025,AFRICAN FEDERAL CONVENTION,0.005179468586523023,0.005179468586523023,0.0,0.3448976244734933
59500025,AFRICAN FREEDOM REVOLUTION,0.14502512042264465,0.14502512042264465,0.0,0.48474327630961495
59500025,AFRICAN INDEPENDENT CONGRESS,0.23048635210027452,0.23048635210027452,0.0,0.5702045079872449
59500025,AFRICAN MANTUNGWA COMMUNITY,0.028487077225876626,0.028487077225876626,0.0,0.3682052331128469
59500025,AFRICAN NATIONAL CONGRESS,13.593515305329673,13.593515305329673,13.253797149442702,13.933233461216643
59500025,AFRICAN PEOPLE FIRST,0.025897342932615114,0.025897342932615114,0.0,0.36561549881958544
59500025,AFRICAN PEOPLE'S CONVENTION,0.09323043455741441,0.09323043455741441,0.0,0.4329485904443847
59500025,AFRICAN PEOPLE'S MOVEMENT,0.007769202879784534,0.007769202879784534,0.0,0.34748735876675485
59500025,AFRICAN TRANSFORMATION MOVEMENT,0.23048635210027452,0.23048635210027452,0.0,0.5702045079872449
59500025,AL JAMA-AH,0.10617910602372196,0.10617910602372196,0.0,0.44589726191069223
59500025,ALLIED MOVEMENT FOR CHANGE,0.03366654581239965,0.03366654581239965,0.0,0.37338470169936994
59500025,AZANIAN PEOPLE'S ORGANISATION,0.005179468586523023,0.005179468586523023,0.0,0.3448976244734933
59500025,BLACK FIRST LAND FIRST,0.0,0.0,0.0,0.3397181558869703
59500025,CONGRESS OF THE PEOPLE,0.010358937173046047,0.010358937173046047,0.0,0.35007709306001633
59500025,DEMOCRATIC ALLIANCE,8.388149375874034,8.388149375874034,8.048431219987064,8.727867531761005
59500025,DEMOCRATIC LIBERAL CONGRESS,0.01812814005283058,0.01812814005283058,0.0,0.3578462959398009
59500025,DEMOCRATIC PEOPLE'S CONGRESS,0.01812814005283058,0.01812814005283058,0.0,0.3578462959398009
59500025,ECONOMIC FREEDOM FIGHTERS,4.330035738333247,4.330035738333247,3.990317582446276,4.669753894220217
59500025,FORUM 4 SERVICE DELIVERY,0.005179468586523023,0.005179468586523023,0.0,0.3448976244734933
59500025,GOD SAVE AFRICA,0.0025897342932615116,0.0025897342932615116,0.0,0.34230789018023183
59500025,GOOD,0.023307608639353602,0.023307608639353602,0.0,0.3630257645263239
59500025,INDEPENDENT (NGCOBO ZIBUYILE VICTORIA),1.0850986688765731,1.0850986688765731,0.7453805129896028,1.4248168247635435
59500025,INDEPENDENT PEOPLE'S PARTY,0.09840990314393744,0.09840990314393744,0.0,0.43812805903090773
59500025,INKATHA FREEDOM PARTY,1.447661469933185,1.447661469933185,1.1079433140462145,1.7873796258201553
59500025,INTERNATIONAL PARTY,0.01812814005283058,0.01812814005283058,0.0,0.3578462959398009
59500025,JUSTICE AND EMPLOYMENT PARTY,0.16833272906199823,0.16833272906199823,0.0,0.5080508849489686
59500025,KZN INDEPENDENCE,0.06474335733153778,0.06474335733153778,0.0,0.4044615132185081
59500025,MINORITIES OF SOUTH AFRICA,0.025897342932615114,0.025897342932615114,0.0,0.36561549881958544
59500025,MINORITY FRONT,0.37033200393639615,0.37033200393639615,0.03061384804942585,0.7100501598233664
59500025,NATIONAL FREEDOM PARTY,0.05956388874501477,0.05956388874501477,0.0,0.3992820446319851
59500025,PAN AFRICANIST CONGRESS OF AZANIA,0.031076811519138135,0.031076811519138135,0.0,0.37079496740610846
59500025,PATRIOTIC ALLIANCE,0.031076811519138135,0.031076811519138135,0.0,0.37079496740610846
59500025,PEOPLE'S FREEDOM PARTY,0.046615217278707204,0.046615217278707204,0.0,0.3863333731656775
59500025,PEOPLE'S REVOLUTIONARY MOVEMENT,0.03625628010566116,0.03625628010566116,0.0,0.3759744359926315
59500025,SPECTRUM NATIONAL PARTY,0.0025897342932615116,0.0025897342932615116,0.0,0.34230789018023183
59500025,THE ORGANIC HUMANITY MOVEMENT,0.012948671466307557,0.012948671466307557,0.0,0.35266682735327787
59500025,TOTAL SPOILT VOTES,0.9141762055213135,0.9141762055213135,0.5744580496343432,1.2538943614082838
59500025,TOTAL VALID VOTES,32.72388252965246,32.72388252965246,32.384164373765486,33.06360068553943
59500025,TOTAL VOTER TURNOUT,0.0,0.0,0.0,0.3397181558869703
59500025,TOTAL VOTES CAST,33.63805873517377,33.63805873517377,33.2983405792868,33.97777689106074
59500025,TRULY ALLIANCE,0.14502512042264465,0.14502512042264465,0.0,0.48474327630961495
59500025,UNITED CHRISTIAN DEMOCRATIC PARTY,0.028487077225876626,0.028487077225876626,0.0,0.3682052331128469
59500025,UNITED CULTURAL MOVEMENT,0.0,0.0,0.0,0.3397181558869703
59500025,UNITED INDEPENDENT MOVEMENT,0.028487077225876626,0.028487077225876626,0.0,0.3682052331128469
59500025,VRYHEIDSFRONT PLUS,0.010358937173046047,0.010358937173046047,0.0,0.35007709306001633
59500060,ABANTU BATHO CONGRESS,0.07820756711054745,0.07820756711054745,0.0,0.41792572299751773
59500060,ACADEMIC CONGRESS UNION,0.012682308180088777,0.012682308180088777,0.0,0.35240046406705905
59500060,ACTIONSA,0.14796026210103572,0.14796026210103572,0.0,0.48767841798800604
59500060,ACTIVE CITIZENS COALITION,0.1564151342210949,0.1564151342210949,0.0,0.4961332901080652
59500060,ACTIVISTS MOVEMENT OF SOUTH AFRICA,0.01056859015007398,0.01056859015007398,0.0,0.3502867460370443
59500060,ADVANCED DYNAMIC ALLIANCE,0.0549566687803847,0.0549566687803847,0.0,0.394674824667355
59500060,AFRICA RESTORATION ALLIANCE,0.004227436060029593,0.004227436060029593,0.0,0.34394559194699986
59500060,AFRICAN BASIC REPUBLICANS,0.02113718030014796,0.02113718030014796,0.0,0.36085533618711824
59500060,AFRICAN CHRISTIAN DEMOCRATIC PARTY,0.16698372437116887,0.16698372437116887,0.0,0.5067018802581391
59500060,AFRICAN DEMOCRATIC CHANGE,0.02113718030014796,0.02113718030014796,0.0,0.36085533618711824
59500060,AFRICAN FEDERAL CONVENTION,0.025364616360177554,0.025364616360177554,0.0,0.36508277224714786
59500060,AFRICAN FREEDOM REVOLUTION,0.2663284717818643,0.2663284717818643,0.0,0.6060466276688345
59500060,AFRICAN INDEPENDENT CONGRESS,0.27055590784189393,0.27055590784189393,0.0,0.6102740637288642
59500060,AFRICAN MANTUNGWA COMMUNITY,0.01056859015007398,0.01056859015007398,0.0,0.3502867460370443
59500060,AFRICAN NATIONAL CONGRESS,15.195518917776369,15.195518917776369,14.855800761889398,15.535237073663339
59500060,AFRICAN PEOPLE FIRST,0.03381948848023674,0.03381948848023674,0.0,0.37353764436720704
59500060,AFRICAN PEOPLE'S CONVENTION,0.06552525893045867,0.06552525893045867,0.0,0.405243414817429
59500060,AFRICAN PEOPLE'S MOVEMENT,0.004227436060029593,0.004227436060029593,0.0,0.34394559194699986
59500060,AFRICAN TRANSFORMATION MOVEMENT,0.20291693088142043,0.20291693088142043,0.0,0.5426350867683907
59500060,AL JAMA-AH,0.05707038681039949,0.05707038681039949,0.0,0.3967885426973698
59500060,ALLIED MOVEMENT FOR CHANGE,0.07820756711054745,0.07820756711054745,0.0,0.41792572299751773
59500060,AZANIAN PEOPLE'S ORGANISATION,0.02113718030014796,0.02113718030014796,0.0,0.36085533618711824
59500060,BLACK FIRST LAND FIRST,0.0,0.0,0.0,0.3397181558869703
59500060,CONGRESS OF THE PEOPLE,0.22828154724159797,0.22828154724159797,0.0,0.5679997031285683
59500060,DEMOCRATIC ALLIANCE,7.968716973155781,7.968716973155781,7.628998817268811,8.308435129042751
59500060,DEMOCRATIC LIBERAL CONGRESS,0.048615514690340304,0.048615514690340304,0.0,0.3883336705773106
59500060,DEMOCRATIC PEOPLE'S CONGRESS,0.01056859015007398,0.01056859015007398,0.0,0.3502867460370443
59500060,ECONOMIC FREEDOM FIGHTERS,4.506446839991545,4.506446839991545,4.166728684104575,4.846164995878516
59500060,FORUM 4 SERVICE DELIVERY,0.1077996195307546,0.1077996195307546,0.0,0.4475177754177249
59500060,GOD SAVE AFRICA,0.0063411540900443885,0.0063411540900443885,0.0,0.3460593099770147
59500060,GOOD,0.023250898330162757,0.023250898330162757,0.0,0.36296905421713305
59500060,INDEPENDENT PEOPLE'S PARTY,0.04438807863031072,0.04438807863031072,0.0,0.384106234517281
59500060,INKATHA FREEDOM PARTY,1.7438173747622066,1.7438173747622066,1.4040992188752361,2.083535530649177
59500060,INTERNATIONAL PARTY,0.01056859015007398,0.01056859015007398,0.0,0.3502867460370443
59500060,JUSTICE AND EMPLOYMENT PARTY,0.19657577679137603,0.19657577679137603,0.0,0.5362939326783464
59500060,KZN INDEPENDENCE,0.06341154090044387,0.06341154090044387,0.0,0.40312969678741417
59500060,MINORITIES OF SOUTH AFRICA,0.06552525893045867,0.06552525893045867,0.0,0.405243414817429
59500060,MINORITY FRONT,0.2536461636017755,0.2536461636017755,0.0,0.5933643194887458
59500060,NATIONAL FREEDOM PARTY,0.03804692454026633,0.03804692454026633,0.0,0.3777650804272366
59500060,PAN AFRICANIST CONGRESS OF AZANIA,0.01690974424011837,0.01690974424011837,0.0,0.35662790012708867
59500060,PATRIOTIC ALLIANCE,0.01056859015007398,0.01056859015007398,0.0,0.3502867460370443
59500060,PEOPLE'S FREEDOM PARTY,0.02747833439019235,0.02747833439019235,0.0,0.36719649027716267
59500060,PEOPLE'S REVOLUTIONARY MOVEMENT,0.14584654407102093,0.14584654407102093,0.0,0.48556469995799123
59500060,SPECTRUM NATIONAL PARTY,0.0,0.0,0.0,0.3397181558869703
59500060,THE ORGANIC HUMANITY MOVEMENT,0.012682308180088777,0.012682308180088777,0.0,0.35240046406705905
59500060,TOTAL SPOILT VOTES,1.0336081166772353,1.0336081166772353,0.693889960790265,1.3733262725642055
59500060,TOTAL VALID VOTES,32.644261255548514,32.644261255548514,32.304543099661544,32.983979411435485
59500060,TOTAL VOTER TURNOUT,0.0,0.0,0.0,0.3397181558869703
59500060,TOTAL VOTES CAST,33.67786937222574,33.67786937222574,33.33815121633877,34.01758752811271
59500060,TRULY ALLIANCE,0.06341154090044387,0.06341154090044387,0.0,0.40312969678741417
59500060,UNITED CHRISTIAN DEMOCRATIC PARTY,0.019023462270133164,0.019023462270133164,0.0,0.3587416181571035
59500060,UNITED CULTURAL MOVEMENT,0.01690974424011837,0.01690974424011837,0.0,0.35662790012708867
59500060,UNITED INDEPENDENT MOVEMENT,0.06975269499048826,0.06975269499048826,0.0,0.40947085087745855
59500060,VRYHEIDSFRONT PLUS,0.040160642570281124,0.040160642570281124,0.0,0.3798787984572514
59500073,ABANTU BATHO CONGRESS,0.006156119182467373,0.006156119182467373,0.0,0.3458742750694377
59500073,ACADEMIC CONGRESS UNION,0.006156119182467373,0.006156119182467373,0.0,0.3458742750694377
59500073,ACTIONSA,0.24214068784371665,0.24214068784371665,0.0,0.581858843730687
59500073,ACTIVE CITIZENS COALITION,0.41656406468029217,0.41656406468029217,0.07684590879332187,0.7562822205672625
59500073,ACTIVISTS MOVEMENT OF SOUTH AFRICA,0.3057539193958795,0.3057539193958795,0.0,0.6454720752828498
59500073,ADVANCED DYNAMIC ALLIANCE,0.018468357547402118,0.018468357547402118,0.0,0.3581865134343724
59500073,AFRICA RESTORATION ALLIANCE,0.006156119182467373,0.006156119182467373,0.0,0.3458742750694377
59500073,AFRICAN BASIC REPUBLICANS,0.01026019863744562,0.01026019863744562,0.0,0.3499783545244159
59500073,AFRICAN CHRISTIAN DEMOCRATIC PARTY,0.4206681441352705,0.4206681441352705,0.08094998824830019,0.7603863000222408
59500073,AFRICAN DEMOCRATIC CHANGE,1.5349257161618648,1.5349257161618648,1.1952075602748944,1.8746438720488352
59500073,AFRICAN FEDERAL CONVENTION,0.004104079454978248,0.004104079454978248,0.0,0.34382223534194856
59500073,AFRICAN FREEDOM REVOLUTION,0.008208158909956496,0.008208158909956496,0.0,0.3479263147969268
59500073,AFRICAN INDEPENDENT CONGRESS,0.030780595912336863,0.030780595912336863,0.0,0.37049875179930714
59500073,AFRICAN MANTUNGWA COMMUNITY,0.02052039727489124,0.02052039727489124,0.0,0.36023855316186154
59500073,AFRICAN NATIONAL CONGRESS,2.772305671837807,2.772305671837807,2.4325875159508366,3.1120238277247774
59500073,AFRICAN PEOPLE FIRST,0.0,0.0,0.0,0.3397181558869703
59500073,AFRICAN PEOPLE'S CONVENTION,0.026676516457358614,0.026676516457358614,0.0,0.36639467234432893
59500073,AFRICAN PEOPLE'S MOVEMENT,0.0,0.0,0.0,0.3397181558869703
59500073,AFRICAN TRANSFORMATION MOVEMENT,0.004104079454978248,0.004104079454978248,0.0,0.34382223534194856
59500073,AL JAMA-AH,0.25034884675367314,0.25034884675367314,0.0,0.5900670026406434
59500073,ALLIED MOVEMENT FOR CHANGE,0.11286218501190184,0.11286218501190184,0.0,0.4525803408988721
59500073,AZANIAN PEOPLE'S ORGANISATION,0.0,0.0,0.0,0.3397181558869703
59500073,BLACK FIRST LAND FIRST,0.002052039727489124,0.002052039727489124,0.0,0.3417701956144594
59500073,CONGRESS OF THE PEOPLE,0.022572437002380364,0.022572437002380364,0.0,0.36229059288935067
59500073,DEMOCRATIC ALLIANCE,23.358368218008703,23.358368218008703,23.018650062121733,23.698086373895674
59500073,DEMOCRATIC LIBERAL CONGRESS,0.19904785356644503,0.19904785356644503,0.0,0.5387660094534154
59500073,DEMOCRATIC PEOPLE'S CONGRESS,0.02462447672986949,0.02462447672986949,0.0,0.3643426326168398
59500073,ECONOMIC FREEDOM FIGHTERS,0.07387343018960847,0.07387343018960847,0.0,0.41359158607657875
59500073,FORUM 4 SERVICE DELIVERY,0.0,0.0,0.0,0.3397181558869703
59500073,GOD SAVE AFRICA,0.008208158909956496,0.008208158909956496,0.0,0.3479263147969268
59500073,GOOD,0.12312238364934745,0.12312238364934745,0.0,0.46284053953631776
59500073,INDEPENDENT PEOPLE'S PARTY,0.02052039727489124,0.02052039727489124,0.0,0.36023855316186154
59500073,INKATHA FREEDOM PARTY,0.8987934006402364,0.8987934006402364,0.5590752447532661,1.2385115565272067
59500073,INTERNATIONAL PARTY,0.0,0.0,0.0,0.3397181558869703
59500073,JUSTICE AND EMPLOYMENT PARTY,0.01026019863744562,0.01026019863744562,0.0,0.3499783545244159
59500073,KZN INDEPENDENCE,0.03283263563982598,0.03283263563982598,0.0,0.37255079152679627
59500073,MINORITIES OF SOUTH AFRICA,0.07387343018960847,0.07387343018960847,0.0,0.41359158607657875
59500073,MINORITY FRONT,1.3358778625954197,1.3358778625954197,0.9961597067084494,1.67559601848239
59500073,NATIONAL FREEDOM PARTY,0.012312238364934745,0.012312238364934745,0.0,0.352030394251905
59500073,PAN AFRICANIST CONGRESS OF AZANIA,0.006156119182467373,0.006156119182467373,0.0,0.3458742750694377
59500073,PATRIOTIC ALLIANCE,0.006156119182467373,0.006156119182467373,0.0,0.3458742750694377
59500073,PEOPLE'S FREEDOM PARTY,0.022572437002380364,0.022572437002380364,0.0,0.36229059288935067
59500073,PEOPLE'S REVOLUTIONARY MOVEMENT,0.0,0.0,0.0,0.3397181558869703
59500073,SPECTRUM NATIONAL PARTY,0.0,0.0,0.0,0.3397181558869703
59500073,THE ORGANIC HUMANITY MOVEMENT,0.002052039727489124,0.002052039727489124,0.0,0.3417701956144594
59500073,TOTAL SPOILT VOTES,0.4924895345973898,0.4924895345973898,0.15277137871041951,0.83220769048436
59500073,TOTAL VALID VOTES,33.00500697693508,33.00500697693508,32.66528882104811,33.34472513282205
59500073,TOTAL VOTER TURNOUT,0.0,0.0,0.0,0.3397181558869703
59500073,TOTAL VOTES CAST,33.49749651153247,33.49749651153247,33.1577783556455,33.83721466741944
59500073,TRULY ALLIANCE,0.12107034392185832,0.12107034392185832,0.0,0.46078849980882863
59500073,UNITED CHRISTIAN DEMOCRATIC PARTY,0.022572437002380364,0.022572437002380364,0.0,0.36229059288935067
59500073,UNITED CULTURAL MOVEMENT,0.01026019863744562,0.01026019863744562,0.0,0.3499783545244159
59500073,UNITED INDEPENDENT MOVEMENT,0.4021997865878683,0.4021997865878683,0.062481630700898017,0.7419179424748386
59500073,VRYHEIDSFRONT PLUS,0.018468357547402118,0.018468357547402118,0.0,0.3581865134343724
